{"params": {"feature_shape": [67, 128, 1], "compression": 8, "kernel_size": 3, "conv_depth": 1, "input_chans_multiplier": 2, "skip_connection": false, "pooling_type": "max", "kl_reg": 1e-05}, "losses": {"loss": 0.18897053599357605, "r_loss": 0.18896690011024475, "kl_loss": 0.35886910557746887, "val_loss": 0.19026218354701996, "val_r_loss": 0.19025832414627075, "val_kl_loss": 0.3838416635990143}}