{"params": {"feature_shape": [67, 128, 1], "compression": 8, "kernel_size": 3, "conv_depth": 3, "input_chans_multiplier": 2, "skip_connection": false, "pooling_type": "max", "kl_reg": 1e-05}, "losses": {"loss": 0.15336912870407104, "r_loss": 0.1533556431531906, "kl_loss": 1.3575959205627441, "val_loss": 0.15417630970478058, "val_r_loss": 0.15417103469371796, "val_kl_loss": 0.5260822772979736}}