{"params": {"feature_shape": [67, 128, 1], "compression": 8, "kernel_size": 3, "conv_depth": 2, "input_chans_multiplier": 1, "skip_connection": false, "pooling_type": "max", "kl_reg": 1}, "losses": {"loss": 0.500969409942627, "r_loss": 0.14645634591579437, "kl_loss": 0.35451290011405945, "val_loss": 0.5260502099990845, "val_r_loss": 0.15250295400619507, "val_kl_loss": 0.37354719638824463}}