{"params": {"feature_shape": [67, 128, 1], "compression": 8, "kernel_size": 5, "conv_depth": 1, "input_chans_multiplier": 1, "skip_connection": false, "pooling_type": "average", "kl_reg": 1}, "losses": {"loss": 0.5427861213684082, "r_loss": 0.1951148808002472, "kl_loss": 0.34767118096351624, "val_loss": 0.5616113543510437, "val_r_loss": 0.19663791358470917, "val_kl_loss": 0.3649734556674957}}