{"params": {"feature_shape": [67, 128, 1], "compression": 8, "kernel_size": 3, "conv_depth": 3, "input_chans_multiplier": 4, "skip_connection": false, "pooling_type": "max", "kl_reg": 1e-05}, "losses": {"loss": 0.1486024409532547, "r_loss": 0.1485980600118637, "kl_loss": 0.4424011707305908, "val_loss": 0.1507570445537567, "val_r_loss": 0.15075241029262543, "val_kl_loss": 0.4637358784675598}}