{"params": {"feature_shape": [67, 128, 1], "compression": 8, "kernel_size": 3, "conv_depth": 3, "input_chans_multiplier": 1, "skip_connection": false, "pooling_type": "max", "kl_reg": 1e-05}, "losses": {"loss": 0.19442474842071533, "r_loss": 0.1944212019443512, "kl_loss": 0.34614166617393494, "val_loss": 0.19540823996067047, "val_r_loss": 0.1954045295715332, "val_kl_loss": 0.3724954128265381}}