{"params": {"feature_shape": [67, 128, 1], "compression": 8, "kernel_size": 5, "conv_depth": 3, "input_chans_multiplier": 2, "skip_connection": false, "pooling_type": "max", "kl_reg": 1e-05}, "losses": {"loss": 0.1944219470024109, "r_loss": 0.19441857933998108, "kl_loss": 0.3461420238018036, "val_loss": 0.19534653425216675, "val_r_loss": 0.1953428089618683, "val_kl_loss": 0.37249165773391724}}