{"params": {"feature_shape": [67, 128, 1], "compression": 8, "kernel_size": 3, "conv_depth": 3, "input_chans_multiplier": 2, "skip_connection": false, "pooling_type": "max", "kl_reg": 1e-05}, "losses": {"loss": 0.19442437589168549, "r_loss": 0.19442079961299896, "kl_loss": 0.3461419939994812, "val_loss": 0.1954258382320404, "val_r_loss": 0.19542214274406433, "val_kl_loss": 0.37249621748924255}}