{"params": {"feature_shape": [67, 128, 1], "compression": 8, "kernel_size": 3, "conv_depth": 3, "input_chans_multiplier": 2, "skip_connection": false, "pooling_type": "max", "kl_reg": 0.0001}, "losses": {"loss": 0.12202851474285126, "r_loss": 0.12198498100042343, "kl_loss": 0.4351656138896942, "val_loss": 0.1270400583744049, "val_r_loss": 0.1269950568675995, "val_kl_loss": 0.45007336139678955}}