{"params": {"feature_shape": [67, 128, 1], "compression": 8, "kernel_size": 3, "conv_depth": 3, "input_chans_multiplier": 2, "skip_connection": false, "pooling_type": "max", "kl_reg": 1e-05}, "losses": {"loss": 0.19442735612392426, "r_loss": 0.19442375004291534, "kl_loss": 0.34614187479019165, "val_loss": 0.19534099102020264, "val_r_loss": 0.19533731043338776, "val_kl_loss": 0.3724910616874695}}