{"params": {"feature_shape": [67, 128, 1], "compression": 8, "kernel_size": 3, "conv_depth": 3, "input_chans_multiplier": 2, "skip_connection": false, "pooling_type": "max", "kl_reg": 0.001}, "losses": {"loss": 0.10748805105686188, "r_loss": 0.1061251237988472, "kl_loss": 1.3628994226455688, "val_loss": 0.10859797894954681, "val_r_loss": 0.10728611797094345, "val_kl_loss": 1.3118746280670166}}