{"params": {"feature_shape": [67, 128, 1], "compression": 8, "kernel_size": 3, "conv_depth": 3, "input_chans_multiplier": 2, "skip_connection": false, "pooling_type": "max", "kl_reg": 0.01}, "losses": {"loss": 0.19881844520568848, "r_loss": 0.19535709917545319, "kl_loss": 0.34613433480262756, "val_loss": 0.19988887012004852, "val_r_loss": 0.19616404175758362, "val_kl_loss": 0.372483491897583}}