{"params": {"feature_shape": [67, 128, 1], "compression": 8, "kernel_size": 3, "conv_depth": 3, "input_chans_multiplier": 2, "skip_connection": false, "pooling_type": "max", "kl_reg": 1}, "losses": {"loss": 0.5403891205787659, "r_loss": 0.19424493610858917, "kl_loss": 0.34614408016204834, "val_loss": 0.5677162408828735, "val_r_loss": 0.19521895051002502, "val_kl_loss": 0.3724973499774933}}