{"params": {"feature_shape": [67, 128, 1], "compression": 8, "kernel_size": 3, "conv_depth": 3, "input_chans_multiplier": 2, "skip_connection": false, "pooling_type": "max", "kl_reg": 1e-07}, "losses": {"loss": 0.19443495571613312, "r_loss": 0.19443494081497192, "kl_loss": 0.34614214301109314, "val_loss": 0.19532990455627441, "val_r_loss": 0.19532985985279083, "val_kl_loss": 0.3724895119667053}}