{"params": {"feature_shape": [67, 128, 1], "compression": 8, "kernel_size": 3, "conv_depth": 3, "input_chans_multiplier": 2, "skip_connection": false, "pooling_type": "max", "kl_reg": 0.1}, "losses": {"loss": 0.15717890858650208, "r_loss": 0.11333231627941132, "kl_loss": 0.4384661912918091, "val_loss": 0.1617802381515503, "val_r_loss": 0.11528635770082474, "val_kl_loss": 0.4649387001991272}}