{"params": {"feature_shape": [67, 128, 1], "compression": 8, "kernel_size": 3, "conv_depth": 3, "input_chans_multiplier": 2, "skip_connection": false, "pooling_type": "max", "kl_reg": 1e-06}, "losses": {"loss": 0.1091545969247818, "r_loss": 0.1091541051864624, "kl_loss": 0.48243194818496704, "val_loss": 0.11273328959941864, "val_r_loss": 0.11273280531167984, "val_kl_loss": 0.5117765665054321}}