{"params": {"feature_shape": [67, 128, 1], "compression": 8, "kernel_size": 3, "conv_depth": 3, "input_chans_multiplier": 4, "skip_connection": false, "pooling_type": "average", "kl_reg": 0.001}, "losses": {"loss": 0.19390307366847992, "r_loss": 0.1935577243566513, "kl_loss": 0.345432311296463, "val_loss": 0.19302089512348175, "val_r_loss": 0.1926848292350769, "val_kl_loss": 0.33607217669487}}