{"params": {"feature_shape": [67, 128, 1], "compression": 8, "kernel_size": 3, "conv_depth": 1, "input_chans_multiplier": 1, "skip_connection": false, "pooling_type": "average", "kl_reg": 0.1}, "losses": {"loss": 0.20860625803470612, "r_loss": 0.17364312708377838, "kl_loss": 0.34963148832321167, "val_loss": 0.203691765666008, "val_r_loss": 0.16945780813694, "val_kl_loss": 0.34233927726745605}}