{"params": {"feature_shape": [67, 128, 1], "compression": 8, "kernel_size": 3, "conv_depth": 1, "input_chans_multiplier": 1, "skip_connection": false, "pooling_type": "average", "kl_reg": 0.0001}, "losses": {"loss": 0.19283153116703033, "r_loss": 0.192796990275383, "kl_loss": 0.3455885946750641, "val_loss": 0.19172728061676025, "val_r_loss": 0.19169364869594574, "val_kl_loss": 0.33642828464508057}}