{"params": {"feature_shape": [67, 128, 1], "compression": 8, "kernel_size": 5, "conv_depth": 1, "input_chans_multiplier": 1, "skip_connection": false, "pooling_type": "max", "kl_reg": 0.001}, "losses": {"loss": 0.1939035952091217, "r_loss": 0.19355814158916473, "kl_loss": 0.3454324007034302, "val_loss": 0.1930207461118698, "val_r_loss": 0.19268465042114258, "val_kl_loss": 0.33607217669487}}