{"params": {"feature_shape": [67, 128, 1], "compression": 8, "kernel_size": 5, "conv_depth": 2, "input_chans_multiplier": 2, "skip_connection": false, "pooling_type": "average", "kl_reg": 0.001}, "losses": {"loss": 0.16439437866210938, "r_loss": 0.16402128338813782, "kl_loss": 0.3731418550014496, "val_loss": 0.16409583389759064, "val_r_loss": 0.1637014001607895, "val_kl_loss": 0.3944624662399292}}