{"params": {"feature_shape": [67, 128, 1], "compression": 8, "kernel_size": 5, "conv_depth": 3, "input_chans_multiplier": 1, "skip_connection": false, "pooling_type": "max", "kl_reg": 1}, "losses": {"loss": 0.5356846451759338, "r_loss": 0.19204485416412354, "kl_loss": 0.3436398208141327, "val_loss": 0.5612480640411377, "val_r_loss": 0.19811376929283142, "val_kl_loss": 0.36313432455062866}}