{"params": {"feature_shape": [67, 128, 1], "compression": 8, "kernel_size": 5, "conv_depth": 3, "input_chans_multiplier": 1, "skip_connection": false, "pooling_type": "max", "kl_reg": 1}, "losses": {"loss": 0.5377926826477051, "r_loss": 0.19424524903297424, "kl_loss": 0.3435477316379547, "val_loss": 0.5637795329093933, "val_r_loss": 0.2008432149887085, "val_kl_loss": 0.3629363179206848}}