{"params": {"feature_shape": [67, 128, 1], "compression": 8, "kernel_size": 5, "conv_depth": 3, "input_chans_multiplier": 1, "skip_connection": false, "pooling_type": "max", "kl_reg": 1e-07}, "losses": {"loss": 0.19266736507415771, "r_loss": 0.19266727566719055, "kl_loss": 0.3454395830631256, "val_loss": 0.19164718687534332, "val_r_loss": 0.19164715707302094, "val_kl_loss": 0.3360794484615326}}