{"params": {"feature_shape": [67, 128, 1], "compression": 8, "kernel_size": 3, "conv_depth": 2, "input_chans_multiplier": 1, "skip_connection": false, "pooling_type": "max", "kl_reg": 1}, "losses": {"loss": 0.5308868885040283, "r_loss": 0.18548208475112915, "kl_loss": 0.34540465474128723, "val_loss": 0.5566698908805847, "val_r_loss": 0.19186332821846008, "val_kl_loss": 0.364806592464447}}