{"params": {"feature_shape": [67, 128, 1], "compression": 8, "kernel_size": 3, "conv_depth": 1, "input_chans_multiplier": 1, "skip_connection": false, "pooling_type": "max", "kl_reg": 1e-05}, "losses": {"loss": 0.21410010755062103, "r_loss": 0.21409235894680023, "kl_loss": 0.7866432070732117, "val_loss": 0.2209550440311432, "val_r_loss": 0.2209513783454895, "val_kl_loss": 0.3661452531814575}}