{"params": {"feature_shape": [67, 128, 1], "compression": 8, "kernel_size": 5, "conv_depth": 3, "input_chans_multiplier": 2, "skip_connection": false, "pooling_type": "max", "kl_reg": 0.001}, "losses": {"loss": 0.1930145025253296, "r_loss": 0.19266898930072784, "kl_loss": 0.3454395830631256, "val_loss": 0.19200678169727325, "val_r_loss": 0.1916707456111908, "val_kl_loss": 0.3360775411128998}}