{"params": {"feature_shape": [67, 128, 1], "compression": 8, "kernel_size": 3, "conv_depth": 1, "input_chans_multiplier": 4, "skip_connection": false, "pooling_type": "max", "kl_reg": 1e-07}, "losses": {"loss": 0.15402251482009888, "r_loss": 0.1540224701166153, "kl_loss": 0.44598132371902466, "val_loss": 0.15279947221279144, "val_r_loss": 0.15279941260814667, "val_kl_loss": 0.40824174880981445}}