{"params": {"feature_shape": [67, 128, 1], "compression": 8, "kernel_size": 3, "conv_depth": 3, "input_chans_multiplier": 1, "skip_connection": false, "pooling_type": "max", "kl_reg": 1e-06}, "losses": {"loss": 0.19333399832248688, "r_loss": 0.1933337152004242, "kl_loss": 0.3435550630092621, "val_loss": 0.19988687336444855, "val_r_loss": 0.1998865306377411, "val_kl_loss": 0.36294540762901306}}