{"params": {"feature_shape": [67, 128, 1], "compression": 8, "kernel_size": 3, "conv_depth": 3, "input_chans_multiplier": 1, "skip_connection": false, "pooling_type": "average", "kl_reg": 1}, "losses": {"loss": 0.5418633222579956, "r_loss": 0.19418488442897797, "kl_loss": 0.34767818450927734, "val_loss": 0.560734212398529, "val_r_loss": 0.19575099647045135, "val_kl_loss": 0.3649832606315613}}