{"params": {"feature_shape": [67, 128, 1], "compression": 8, "kernel_size": 3, "conv_depth": 3, "input_chans_multiplier": 4, "skip_connection": false, "pooling_type": "max", "kl_reg": 0.01}, "losses": {"loss": 0.19676396250724792, "r_loss": 0.19332842528820038, "kl_loss": 0.34355470538139343, "val_loss": 0.2035420835018158, "val_r_loss": 0.19991269707679749, "val_kl_loss": 0.3629409372806549}}