{"params": {"feature_shape": [67, 128, 1], "compression": 8, "kernel_size": 3, "conv_depth": 1, "input_chans_multiplier": 2, "skip_connection": false, "pooling_type": "average", "kl_reg": 1e-06}, "losses": {"loss": 0.15771259367465973, "r_loss": 0.1577121913433075, "kl_loss": 0.4194905757904053, "val_loss": 0.15469728410243988, "val_r_loss": 0.15469686686992645, "val_kl_loss": 0.4162429869174957}}