{"params": {"feature_shape": [67, 128, 1], "compression": 8, "kernel_size": 5, "conv_depth": 3, "input_chans_multiplier": 4, "skip_connection": false, "pooling_type": "average", "kl_reg": 1e-07}, "losses": {"loss": 0.1926690638065338, "r_loss": 0.19266900420188904, "kl_loss": 0.34543952345848083, "val_loss": 0.19166362285614014, "val_r_loss": 0.19166357815265656, "val_kl_loss": 0.33607789874076843}}