{"params": {"feature_shape": [67, 128, 1], "compression": 8, "kernel_size": 3, "conv_depth": 1, "input_chans_multiplier": 2, "skip_connection": false, "pooling_type": "max", "kl_reg": 0.1}, "losses": {"loss": 0.2281022071838379, "r_loss": 0.1935589611530304, "kl_loss": 0.3454323410987854, "val_loss": 0.22629469633102417, "val_r_loss": 0.1926874965429306, "val_kl_loss": 0.33607232570648193}}