{"params": {"feature_shape": [67, 128, 1], "compression": 8, "kernel_size": 3, "conv_depth": 3, "input_chans_multiplier": 1, "skip_connection": false, "pooling_type": "average", "kl_reg": 1e-06}, "losses": {"loss": 0.1925315260887146, "r_loss": 0.19253115355968475, "kl_loss": 0.34544098377227783, "val_loss": 0.1915026754140854, "val_r_loss": 0.19150233268737793, "val_kl_loss": 0.3360831141471863}}