{"params": {"feature_shape": [67, 128, 1], "compression": 8, "kernel_size": 3, "conv_depth": 2, "input_chans_multiplier": 2, "skip_connection": false, "pooling_type": "max", "kl_reg": 1e-06}, "losses": {"loss": 0.1933378428220749, "r_loss": 0.19333745539188385, "kl_loss": 0.34355515241622925, "val_loss": 0.1998823583126068, "val_r_loss": 0.19988203048706055, "val_kl_loss": 0.36294400691986084}}