{"params": {"feature_shape": [67, 128, 1], "compression": 8, "kernel_size": 5, "conv_depth": 3, "input_chans_multiplier": 4, "skip_connection": false, "pooling_type": "max", "kl_reg": 1}, "losses": {"loss": 0.5143787264823914, "r_loss": 0.16606499254703522, "kl_loss": 0.34831371903419495, "val_loss": 0.5400348901748657, "val_r_loss": 0.17230327427387238, "val_kl_loss": 0.3677317500114441}}