{"params": {"feature_shape": [67, 128, 1], "compression": 8, "kernel_size": 3, "conv_depth": 1, "input_chans_multiplier": 4, "skip_connection": false, "pooling_type": "max", "kl_reg": 1}, "losses": {"loss": 0.49957704544067383, "r_loss": 0.14379484951496124, "kl_loss": 0.35578209161758423, "val_loss": 0.5261145234107971, "val_r_loss": 0.15313977003097534, "val_kl_loss": 0.37297478318214417}}