{"params": {"feature_shape": [67, 128, 1], "compression": 8, "kernel_size": 5, "conv_depth": 1, "input_chans_multiplier": 2, "skip_connection": false, "pooling_type": "average", "kl_reg": 1e-07}, "losses": {"loss": 0.1935577690601349, "r_loss": 0.1935577690601349, "kl_loss": 0.34543222188949585, "val_loss": 0.1926848590373993, "val_r_loss": 0.1926848292350769, "val_kl_loss": 0.33607217669487}}