{"params": {"feature_shape": [67, 128, 1], "compression": 8, "kernel_size": 3, "conv_depth": 1, "input_chans_multiplier": 2, "skip_connection": false, "pooling_type": "average", "kl_reg": 0.0001}, "losses": {"loss": 0.19278031587600708, "r_loss": 0.1927432268857956, "kl_loss": 0.3718031942844391, "val_loss": 0.19196559488773346, "val_r_loss": 0.19193124771118164, "val_kl_loss": 0.34292447566986084}}