{"params": {"feature_shape": [67, 128, 1], "compression": 8, "kernel_size": 5, "conv_depth": 1, "input_chans_multiplier": 2, "skip_connection": false, "pooling_type": "average", "kl_reg": 1e-07}, "losses": {"loss": 0.15780988335609436, "r_loss": 0.15780986845493317, "kl_loss": 0.4090973436832428, "val_loss": 0.1585494428873062, "val_r_loss": 0.15854939818382263, "val_kl_loss": 0.40427300333976746}}