{"params": {"feature_shape": [67, 128, 1], "compression": 8, "kernel_size": 3, "conv_depth": 2, "input_chans_multiplier": 4, "skip_connection": false, "pooling_type": "max", "kl_reg": 1}, "losses": {"loss": 0.5076046586036682, "r_loss": 0.1529237926006317, "kl_loss": 0.3546806573867798, "val_loss": 0.4974488615989685, "val_r_loss": 0.1537982076406479, "val_kl_loss": 0.3436506688594818}}