{"params": {"feature_shape": [67, 128, 1], "compression": 8, "kernel_size": 5, "conv_depth": 2, "input_chans_multiplier": 4, "skip_connection": false, "pooling_type": "average", "kl_reg": 0.001}, "losses": {"loss": 0.1654481589794159, "r_loss": 0.16508066654205322, "kl_loss": 0.36740604043006897, "val_loss": 0.1632843315601349, "val_r_loss": 0.16292360424995422, "val_kl_loss": 0.36075282096862793}}