{"params": {"feature_shape": [67, 128, 1], "compression": 8, "kernel_size": 5, "conv_depth": 3, "input_chans_multiplier": 2, "skip_connection": false, "pooling_type": "max", "kl_reg": 0.0001}, "losses": {"loss": 0.19337286055088043, "r_loss": 0.19333843886852264, "kl_loss": 0.34355515241622925, "val_loss": 0.19991935789585114, "val_r_loss": 0.19988302886486053, "val_kl_loss": 0.36294466257095337}}