{"params": {"feature_shape": [67, 128, 1], "compression": 8, "kernel_size": 3, "conv_depth": 3, "input_chans_multiplier": 4, "skip_connection": false, "pooling_type": "max", "kl_reg": 0.01}, "losses": {"loss": 0.19677506387233734, "r_loss": 0.1933395266532898, "kl_loss": 0.3435552716255188, "val_loss": 0.20351213216781616, "val_r_loss": 0.19988270103931427, "val_kl_loss": 0.3629434108734131}}