{"params": {"feature_shape": [67, 128, 1], "compression": 8, "kernel_size": 5, "conv_depth": 3, "input_chans_multiplier": 1, "skip_connection": false, "pooling_type": "max", "kl_reg": 0.01}, "losses": {"loss": 0.1961132287979126, "r_loss": 0.19265887141227722, "kl_loss": 0.34543946385383606, "val_loss": 0.19500672817230225, "val_r_loss": 0.19164592027664185, "val_kl_loss": 0.3360814154148102}}