{"params": {"feature_shape": [67, 128, 1], "compression": 8, "kernel_size": 5, "conv_depth": 2, "input_chans_multiplier": 2, "skip_connection": false, "pooling_type": "max", "kl_reg": 0.1}, "losses": {"loss": 0.21863241493701935, "r_loss": 0.18350324034690857, "kl_loss": 0.3512926697731018, "val_loss": 0.21677681803703308, "val_r_loss": 0.18279004096984863, "val_kl_loss": 0.3398679494857788}}