{"params": {"feature_shape": [67, 128, 1], "compression": 8, "kernel_size": 3, "conv_depth": 1, "input_chans_multiplier": 2, "skip_connection": false, "pooling_type": "max", "kl_reg": 0.01}, "losses": {"loss": 0.1825341135263443, "r_loss": 0.17907817661762238, "kl_loss": 0.34559664130210876, "val_loss": 0.18686269223690033, "val_r_loss": 0.1831904798746109, "val_kl_loss": 0.36722052097320557}}