{"params": {"feature_shape": [67, 128, 1], "compression": 8, "kernel_size": 3, "conv_depth": 2, "input_chans_multiplier": 4, "skip_connection": false, "pooling_type": "max", "kl_reg": 0.0001}, "losses": {"loss": 0.15537647902965546, "r_loss": 0.15532411634922028, "kl_loss": 0.5229502320289612, "val_loss": 0.16262269020080566, "val_r_loss": 0.16256144642829895, "val_kl_loss": 0.6124644875526428}}