{"params": {"feature_shape": [67, 128, 1], "compression": 8, "kernel_size": 5, "conv_depth": 2, "input_chans_multiplier": 4, "skip_connection": false, "pooling_type": "max", "kl_reg": 0.1}, "losses": {"loss": 0.2281009703874588, "r_loss": 0.19355766475200653, "kl_loss": 0.3454322814941406, "val_loss": 0.22629204392433167, "val_r_loss": 0.1926848292350769, "val_kl_loss": 0.33607217669487}}