{"params": {"feature_shape": [67, 128, 1], "compression": 8, "kernel_size": 3, "conv_depth": 2, "input_chans_multiplier": 2, "skip_connection": false, "pooling_type": "max", "kl_reg": 1e-05}, "losses": {"loss": 0.18756172060966492, "r_loss": 0.18755806982517242, "kl_loss": 0.35554876923561096, "val_loss": 0.1939677894115448, "val_r_loss": 0.19396400451660156, "val_kl_loss": 0.3771246373653412}}