{"params": {"feature_shape": [67, 128, 1], "compression": 8, "kernel_size": 3, "conv_depth": 3, "input_chans_multiplier": 1, "skip_connection": false, "pooling_type": "max", "kl_reg": 1e-06}, "losses": {"loss": 0.19333244860172272, "r_loss": 0.19333206117153168, "kl_loss": 0.3435550034046173, "val_loss": 0.19989341497421265, "val_r_loss": 0.19989310204982758, "val_kl_loss": 0.3629419803619385}}