{"params": {"feature_shape": [67, 128, 1], "compression": 8, "kernel_size": 5, "conv_depth": 1, "input_chans_multiplier": 2, "skip_connection": false, "pooling_type": "average", "kl_reg": 0.0001}, "losses": {"loss": 0.1796952486038208, "r_loss": 0.1796601116657257, "kl_loss": 0.3508807420730591, "val_loss": 0.1775866597890854, "val_r_loss": 0.17754942178726196, "val_kl_loss": 0.37228021025657654}}