{"params": {"feature_shape": [67, 128, 1], "compression": 8, "kernel_size": 5, "conv_depth": 1, "input_chans_multiplier": 2, "skip_connection": false, "pooling_type": "average", "kl_reg": 0.1}, "losses": {"loss": 0.22809883952140808, "r_loss": 0.19355559349060059, "kl_loss": 0.34543275833129883, "val_loss": 0.22628897428512573, "val_r_loss": 0.1926816701889038, "val_kl_loss": 0.33607280254364014}}