{"params": {"feature_shape": [67, 128, 1], "compression": 8, "kernel_size": 3, "conv_depth": 3, "input_chans_multiplier": 2, "skip_connection": false, "pooling_type": "max", "kl_reg": 1e-05}, "losses": {"loss": 0.09353867918252945, "r_loss": 0.09353253990411758, "kl_loss": 0.6099935173988342, "val_loss": 0.0993809923529625, "val_r_loss": 0.09937432408332825, "val_kl_loss": 0.6656614542007446}}