{"params": {"feature_shape": [67, 128, 1], "compression": 8, "kernel_size": 3, "conv_depth": 2, "input_chans_multiplier": 1, "skip_connection": false, "pooling_type": "average", "kl_reg": 1}, "losses": {"loss": 0.5389903783798218, "r_loss": 0.19355769455432892, "kl_loss": 0.34543222188949585, "val_loss": 0.5287569761276245, "val_r_loss": 0.19268479943275452, "val_kl_loss": 0.33607217669487}}