{"params": {"feature_shape": [67, 128, 1], "compression": 8, "kernel_size": 5, "conv_depth": 2, "input_chans_multiplier": 2, "skip_connection": false, "pooling_type": "max", "kl_reg": 1}, "losses": {"loss": 0.4985933005809784, "r_loss": 0.1397830992937088, "kl_loss": 0.35881033539772034, "val_loss": 0.48810285329818726, "val_r_loss": 0.13921760022640228, "val_kl_loss": 0.348885178565979}}