{"params": {"feature_shape": [67, 128, 1], "compression": 8, "kernel_size": 5, "conv_depth": 2, "input_chans_multiplier": 1, "skip_connection": false, "pooling_type": "max", "kl_reg": 1}, "losses": {"loss": 0.5067867636680603, "r_loss": 0.15234121680259705, "kl_loss": 0.3544456660747528, "val_loss": 0.49657508730888367, "val_r_loss": 0.15214131772518158, "val_kl_loss": 0.34443381428718567}}