{"params": {"feature_shape": [67, 128, 1], "compression": 8, "kernel_size": 5, "conv_depth": 2, "input_chans_multiplier": 4, "skip_connection": false, "pooling_type": "average", "kl_reg": 1}, "losses": {"loss": 0.5363755226135254, "r_loss": 0.18806540966033936, "kl_loss": 0.3483102023601532, "val_loss": 0.5555819869041443, "val_r_loss": 0.1901392638683319, "val_kl_loss": 0.36544275283813477}}