{"params": {"feature_shape": [67, 128, 1], "g_compression": 8, "g_kernel_size": 3, "g_conv_depth": 1, "g_input_chans_multiplier": 1, "g_skip_connection": false, "g_pooling_type": "average", "g_gan_reg": 0.1, "g_c_reg": 0.1, "g_s_reg": 0.1, "d_mlp_layers": 2, "d_conv_compression": 8, "d_conv_kernel_size": 3, "d_conv_pooling_type": "max"}, "losses": {"loss": 0.3735198378562927, "r_loss": 0.19355766475200653, "gan_loss": 0.9994682669639587, "c_loss": 0.00013081348151899874, "s_loss": 0.8000229001045227, "d_loss": 0.9989027380943298, "val_loss": 0.3728080093860626, "val_r_loss": 0.1926848441362381, "val_gan_loss": 1.0005924701690674, "val_c_loss": 0.00010884823859669268, "val_s_loss": 0.8005311489105225, "val_d_loss": 0.9992865324020386}}