{"params": {"feature_shape": [67, 128, 1], "g_compression": 8, "g_kernel_size": 3, "g_conv_depth": 1, "g_input_chans_multiplier": 1, "g_skip_connection": true, "g_pooling_type": "average", "g_gan_reg": 0.1, "g_c_reg": 0.1, "g_s_reg": 0.1, "d_mlp_layers": 2, "d_conv_compression": 8, "d_conv_kernel_size": 3, "d_conv_pooling_type": "max"}, "losses": {"loss": 0.8976922035217285, "r_loss": 0.3976493775844574, "gan_loss": 3.913654327392578, "c_loss": 0.22146821022033691, "s_loss": 0.8653044104576111, "d_loss": 0.03750002384185791, "val_loss": 1.0477739572525024, "val_r_loss": 0.5094606280326843, "val_gan_loss": 4.190567970275879, "val_c_loss": 0.29894769191741943, "val_s_loss": 0.8936188220977783, "val_d_loss": 0.11223611235618591}}