{"params": {"feature_shape": [67, 128, 1], "g_compression": 8, "g_kernel_size": 5, "g_conv_depth": 1, "g_input_chans_multiplier": 1, "g_skip_connection": true, "g_pooling_type": "average", "g_gan_reg": 0.0001, "g_c_reg": 0.01, "g_s_reg": 0.0001, "d_mlp_layers": 2, "d_conv_compression": 8, "d_conv_kernel_size": 3, "d_conv_pooling_type": "max"}, "losses": {"loss": 0.29194194078445435, "r_loss": 0.28949612379074097, "gan_loss": 3.988788604736328, "c_loss": 0.19627195596694946, "s_loss": 0.842313289642334, "d_loss": 0.0012029390782117844, "val_loss": 0.29528161883354187, "val_r_loss": 0.2928396463394165, "val_gan_loss": 3.982085704803467, "val_c_loss": 0.19596077501773834, "val_s_loss": 0.8416045904159546, "val_d_loss": 0.0012574271531775594}}