{"params": {"feature_shape": [67, 128, 1], "g_compression": 8, "g_kernel_size": 5, "g_conv_depth": 1, "g_input_chans_multiplier": 1, "g_skip_connection": true, "g_pooling_type": "average", "g_gan_reg": 0.1, "g_c_reg": 0.01, "g_s_reg": 0.0001, "d_mlp_layers": 2, "d_conv_compression": 8, "d_conv_kernel_size": 3, "d_conv_pooling_type": "max"}, "losses": {"loss": 0.8585625886917114, "r_loss": 0.4769171178340912, "gan_loss": 3.7906575202941895, "c_loss": 0.24920594692230225, "s_loss": 0.8793354034423828, "d_loss": 0.05740176886320114, "val_loss": 0.853022038936615, "val_r_loss": 0.48452189564704895, "val_gan_loss": 3.659038543701172, "val_c_loss": 0.2508184611797333, "val_s_loss": 0.8799916505813599, "val_d_loss": 0.08111388236284256}}