{"params": {"feature_shape": [67, 128, 1], "g_compression": 8, "g_kernel_size": 5, "g_conv_depth": 1, "g_input_chans_multiplier": 1, "g_skip_connection": true, "g_pooling_type": "average", "g_gan_reg": 0.01, "g_c_reg": 0.01, "g_s_reg": 0.0001, "d_mlp_layers": 2, "d_conv_compression": 8, "d_conv_kernel_size": 3, "d_conv_pooling_type": "max"}, "losses": {"loss": 0.3314177989959717, "r_loss": 0.28966817259788513, "gan_loss": 3.990724802017212, "c_loss": 0.17578762769699097, "s_loss": 0.8466356992721558, "d_loss": 0.004353401716798544, "val_loss": 0.33391639590263367, "val_r_loss": 0.2930666208267212, "val_gan_loss": 3.901146411895752, "val_c_loss": 0.1753489077091217, "val_s_loss": 0.8480496406555176, "val_d_loss": 0.0021789625752717257}}