{"params": {"feature_shape": [67, 128, 1], "g_compression": 8, "g_kernel_size": 5, "g_conv_depth": 1, "g_input_chans_multiplier": 1, "g_skip_connection": true, "g_pooling_type": "average", "g_gan_reg": 1, "g_c_reg": 0.01, "g_s_reg": 0.0001, "d_mlp_layers": 2, "d_conv_compression": 8, "d_conv_kernel_size": 3, "d_conv_pooling_type": "max"}, "losses": {"loss": 5.841619968414307, "r_loss": 2.798854351043701, "gan_loss": 2.999307632446289, "c_loss": 4.315073013305664, "s_loss": 3.0438625812530518, "d_loss": 0.31617051362991333, "val_loss": 5.949594020843506, "val_r_loss": 2.943519353866577, "val_gan_loss": 2.9540510177612305, "val_c_loss": 5.170539379119873, "val_s_loss": 3.1858291625976562, "val_d_loss": 0.3100978434085846}}