{"params": {"feature_shape": [67, 128, 1], "g_compression": 8, "g_kernel_size": 5, "g_conv_depth": 1, "g_input_chans_multiplier": 1, "g_skip_connection": true, "g_pooling_type": "average", "g_gan_reg": 0.001, "g_c_reg": 0.01, "g_s_reg": 0.0001, "d_mlp_layers": 2, "d_conv_compression": 8, "d_conv_kernel_size": 3, "d_conv_pooling_type": "max"}, "losses": {"loss": 0.2953256666660309, "r_loss": 0.28953197598457336, "gan_loss": 3.9970178604125977, "c_loss": 0.17126914858818054, "s_loss": 0.8409954905509949, "d_loss": 0.0008166238549165428, "val_loss": 0.29865676164627075, "val_r_loss": 0.2928670048713684, "val_gan_loss": 3.9622106552124023, "val_c_loss": 0.17425140738487244, "val_s_loss": 0.8498644232749939, "val_d_loss": 0.002471237676218152}}