{"params": {"feature_shape": [67, 128, 1], "g_compression": 8, "g_kernel_size": 5, "g_conv_depth": 1, "g_input_chans_multiplier": 1, "g_skip_connection": true, "g_pooling_type": "average", "g_gan_reg": 1e-05, "g_c_reg": 0.01, "g_s_reg": 0.0001, "d_mlp_layers": 2, "d_conv_compression": 8, "d_conv_kernel_size": 3, "d_conv_pooling_type": "max"}, "losses": {"loss": 0.29135629534721375, "r_loss": 0.2895285487174988, "gan_loss": 3.9945578575134277, "c_loss": 0.17036734521389008, "s_loss": 0.8397856950759888, "d_loss": 0.0004233430663589388, "val_loss": 0.29469165205955505, "val_r_loss": 0.29286137223243713, "val_gan_loss": 3.9867074489593506, "val_c_loss": 0.17062968015670776, "val_s_loss": 0.8414546251296997, "val_d_loss": 0.0002993921807501465}}