{"params": {"feature_shape": [67, 128, 1], "g_compression": 8, "g_kernel_size": 3, "g_conv_depth": 1, "g_input_chans_multiplier": 1, "g_skip_connection": true, "g_pooling_type": "average", "g_gan_reg": 1e-05, "g_c_reg": 0.01, "g_s_reg": 0.0001, "d_mlp_layers": 2, "d_conv_compression": 8, "d_conv_kernel_size": 3, "d_conv_pooling_type": "max"}, "losses": {"loss": 0.2914751172065735, "r_loss": 0.28952741622924805, "gan_loss": 4.000967502593994, "c_loss": 0.18239526450634003, "s_loss": 0.8376734256744385, "d_loss": 0.00019160487863700837, "val_loss": 0.2947516441345215, "val_r_loss": 0.29285746812820435, "val_gan_loss": 3.9964356422424316, "val_c_loss": 0.17700131237506866, "val_s_loss": 0.842021107673645, "val_d_loss": 0.00012584886280819774}}