{"params": {"feature_shape": [67, 128, 1], "g_compression": 8, "g_kernel_size": 5, "g_conv_depth": 1, "g_input_chans_multiplier": 1, "g_skip_connection": true, "g_pooling_type": "average", "g_gan_reg": 1e-05, "g_c_reg": 0.01, "g_s_reg": 0.0001, "d_mlp_layers": 2, "d_conv_compression": 8, "d_conv_kernel_size": 3, "d_conv_pooling_type": "max"}, "losses": {"loss": 0.2915565073490143, "r_loss": 0.28952834010124207, "gan_loss": 4.002313137054443, "c_loss": 0.19035422801971436, "s_loss": 0.8457327485084534, "d_loss": 0.0007230662158690393, "val_loss": 0.294863224029541, "val_r_loss": 0.29286283254623413, "val_gan_loss": 4.086379528045654, "val_c_loss": 0.18747586011886597, "val_s_loss": 0.8483826518058777, "val_d_loss": 0.001191662042401731}}