{"params": {"feature_shape": [67, 128, 1], "g_compression": 8, "g_kernel_size": 5, "g_conv_depth": 1, "g_input_chans_multiplier": 1, "g_skip_connection": true, "g_pooling_type": "average", "g_gan_reg": 1e-05, "g_c_reg": 0.01, "g_s_reg": 0.1, "d_mlp_layers": 2, "d_conv_compression": 8, "d_conv_kernel_size": 3, "d_conv_pooling_type": "max"}, "losses": {"loss": 0.373036652803421, "r_loss": 0.2895316183567047, "gan_loss": 4.000899791717529, "c_loss": 0.17726488411426544, "s_loss": 0.8169245719909668, "d_loss": 0.00010480662604095414, "val_loss": 0.3765828311443329, "val_r_loss": 0.29286736249923706, "val_gan_loss": 3.9927289485931396, "val_c_loss": 0.18151023983955383, "val_s_loss": 0.818604052066803, "val_d_loss": 3.655117325251922e-05}}