{"params": {"feature_shape": [67, 128, 1], "g_compression": 8, "g_kernel_size": 5, "g_conv_depth": 1, "g_input_chans_multiplier": 1, "g_skip_connection": true, "g_pooling_type": "average", "g_gan_reg": 1e-05, "g_c_reg": 0.01, "g_s_reg": 1, "d_mlp_layers": 2, "d_conv_compression": 8, "d_conv_kernel_size": 3, "d_conv_pooling_type": "max"}, "losses": {"loss": 1.110106348991394, "r_loss": 0.2895352244377136, "gan_loss": 3.996654748916626, "c_loss": 0.18430285155773163, "s_loss": 0.8186882138252258, "d_loss": 0.00019356183474883437, "val_loss": 1.11324143409729, "val_r_loss": 0.2928771674633026, "val_gan_loss": 4.014005661010742, "val_c_loss": 0.18509541451931, "val_s_loss": 0.8184733390808105, "val_d_loss": 0.00010262376599712297}}