{"params": {"feature_shape": [67, 128, 1], "g_compression": 8, "g_kernel_size": 5, "g_conv_depth": 1, "g_input_chans_multiplier": 1, "g_skip_connection": true, "g_pooling_type": "average", "g_gan_reg": 1e-05, "g_c_reg": 0.01, "g_s_reg": 0.01, "d_mlp_layers": 2, "d_conv_compression": 8, "d_conv_kernel_size": 3, "d_conv_pooling_type": "max"}, "losses": {"loss": 0.29969415068626404, "r_loss": 0.2895289659500122, "gan_loss": 4.000315189361572, "c_loss": 0.1779281497001648, "s_loss": 0.834592342376709, "d_loss": 0.00014909279707353562, "val_loss": 0.303071528673172, "val_r_loss": 0.29286161065101624, "val_gan_loss": 4.013073444366455, "val_c_loss": 0.17927855253219604, "val_s_loss": 0.837702214717865, "val_d_loss": 0.00012164490181021392}}