{"params": {"feature_shape": [67, 128, 1], "g_compression": 8, "g_kernel_size": 5, "g_conv_depth": 1, "g_input_chans_multiplier": 1, "g_skip_connection": true, "g_pooling_type": "average", "g_gan_reg": 1e-05, "g_c_reg": 0.01, "g_s_reg": 1e-05, "d_mlp_layers": 2, "d_conv_compression": 8, "d_conv_kernel_size": 3, "d_conv_pooling_type": "max"}, "losses": {"loss": 0.2913281321525574, "r_loss": 0.28953084349632263, "gan_loss": 3.9705007076263428, "c_loss": 0.17492298781871796, "s_loss": 0.839438796043396, "d_loss": 0.0023280230816453695, "val_loss": 0.2946225106716156, "val_r_loss": 0.29286497831344604, "val_gan_loss": 3.998396873474121, "val_c_loss": 0.1709163337945938, "val_s_loss": 0.8411824107170105, "val_d_loss": 0.0014611242804676294}}