{"params": {"feature_shape": [67, 128, 1], "g_compression": 8, "g_kernel_size": 5, "g_conv_depth": 1, "g_input_chans_multiplier": 1, "g_skip_connection": true, "g_pooling_type": "average", "g_gan_reg": 1e-05, "g_c_reg": 0.01, "g_s_reg": 0.001, "d_mlp_layers": 2, "d_conv_compression": 8, "d_conv_kernel_size": 3, "d_conv_pooling_type": "max"}, "losses": {"loss": 0.29219305515289307, "r_loss": 0.289530873298645, "gan_loss": 3.9988441467285156, "c_loss": 0.17848484218120575, "s_loss": 0.8372955918312073, "d_loss": 8.680489554535598e-05, "val_loss": 0.2954917252063751, "val_r_loss": 0.2928628921508789, "val_gan_loss": 3.9851057529449463, "val_c_loss": 0.17547327280044556, "val_s_loss": 0.8342491984367371, "val_d_loss": 5.1933169743278995e-05}}