{"params": {"feature_shape": [67, 128, 1], "g_compression": 8, "g_kernel_size": 5, "g_conv_depth": 1, "g_input_chans_multiplier": 1, "g_skip_connection": true, "g_pooling_type": "average", "g_gan_reg": 1, "g_c_reg": 0.0001, "g_s_reg": 1, "d_mlp_layers": 2, "d_conv_compression": 8, "d_conv_kernel_size": 3, "d_conv_pooling_type": "max"}, "losses": {"loss": 5.242194175720215, "r_loss": 0.770826518535614, "gan_loss": 3.4771182537078857, "c_loss": 0.4899829030036926, "s_loss": 0.9942008256912231, "d_loss": 0.20027104020118713, "val_loss": 5.439999103546143, "val_r_loss": 0.7165724635124207, "val_gan_loss": 3.7173850536346436, "val_c_loss": 0.49898067116737366, "val_s_loss": 1.0059925317764282, "val_d_loss": 0.20883652567863464}}