{"params": {"feature_shape": [67, 128, 1], "g_compression": 8, "g_kernel_size": 5, "g_conv_depth": 1, "g_input_chans_multiplier": 1, "g_skip_connection": false, "g_pooling_type": "max", "g_gan_reg": 0.001, "g_c_reg": 0.001, "g_s_reg": 1e-05, "d_mlp_layers": 2, "d_conv_compression": 8, "d_conv_kernel_size": 3, "d_conv_pooling_type": "max"}, "losses": {"loss": 0.10783981531858444, "r_loss": 0.10369302332401276, "gan_loss": 3.5898947715759277, "c_loss": 0.5373972058296204, "s_loss": 1.9514461755752563, "d_loss": 0.13140162825584412, "val_loss": 0.10864140093326569, "val_r_loss": 0.10445068031549454, "val_gan_loss": 3.608006477355957, "val_c_loss": 0.5635144114494324, "val_s_loss": 1.9189220666885376, "val_d_loss": 0.15279218554496765}}