{"params": {"feature_shape": [67, 128, 1], "g_compression": 8, "g_kernel_size": 3, "g_conv_depth": 1, "g_input_chans_multiplier": 1, "g_skip_connection": true, "g_pooling_type": "average", "g_gan_reg": 1, "g_c_reg": 1, "g_s_reg": 0.0001, "d_mlp_layers": 2, "d_conv_compression": 8, "d_conv_kernel_size": 3, "d_conv_pooling_type": "max"}, "losses": {"loss": 5.031466484069824, "r_loss": 0.9021672606468201, "gan_loss": 3.552800178527832, "c_loss": 0.5763877034187317, "s_loss": 1.111934781074524, "d_loss": 0.1362421214580536, "val_loss": 4.686145305633545, "val_r_loss": 1.0458967685699463, "val_gan_loss": 2.9009339809417725, "val_c_loss": 0.7391975522041321, "val_s_loss": 1.1709153652191162, "val_d_loss": 0.22968921065330505}}