{"params": {"feature_shape": [67, 128, 1], "g_compression": 8, "g_kernel_size": 3, "g_conv_depth": 3, "g_input_chans_multiplier": 4, "g_skip_connection": true, "g_pooling_type": "average", "g_gan_reg": 0.0001, "g_c_reg": 0.01, "g_s_reg": 0.1, "d_mlp_layers": 2, "d_conv_compression": 8, "d_conv_kernel_size": 3, "d_conv_pooling_type": "max"}, "losses": {"loss": 0.4334581792354584, "r_loss": 0.3495625853538513, "gan_loss": 3.6551108360290527, "c_loss": 0.03659485653042793, "s_loss": 0.8316428661346436, "d_loss": 0.0994071438908577, "val_loss": 0.4376457929611206, "val_r_loss": 0.35350292921066284, "val_gan_loss": 3.953094244003296, "val_c_loss": 0.03841349110007286, "val_s_loss": 0.8336344957351685, "val_d_loss": 0.1157529354095459}}