{"params": {"feature_shape": [67, 128, 1], "g_compression": 8, "g_kernel_size": 3, "g_conv_depth": 1, "g_input_chans_multiplier": 1, "g_skip_connection": true, "g_pooling_type": "average", "g_gan_reg": 0.0001, "g_c_reg": 0.01, "g_s_reg": 0.1, "d_mlp_layers": 2, "d_conv_compression": 8, "d_conv_kernel_size": 3, "d_conv_pooling_type": "max"}, "losses": {"loss": 0.3743458688259125, "r_loss": 0.2895556688308716, "gan_loss": 4.003767013549805, "c_loss": 0.17656157910823822, "s_loss": 0.8262420892715454, "d_loss": 0.00038439585478045046, "val_loss": 0.3778039515018463, "val_r_loss": 0.29289236664772034, "val_gan_loss": 3.9868295192718506, "val_c_loss": 0.17644302546977997, "val_s_loss": 0.8274843692779541, "val_d_loss": 0.00019416329450905323}}