{"params": {"feature_shape": [67, 128, 1], "g_compression": 8, "g_kernel_size": 3, "g_conv_depth": 1, "g_input_chans_multiplier": 1, "g_skip_connection": false, "g_pooling_type": "max", "g_gan_reg": 0.001, "g_c_reg": 1, "g_s_reg": 0.001, "d_mlp_layers": 2, "d_conv_compression": 8, "d_conv_kernel_size": 3, "d_conv_pooling_type": "max"}, "losses": {"loss": 0.11762592941522598, "r_loss": 0.1126977950334549, "gan_loss": 3.9685380458831787, "c_loss": 0.0, "s_loss": 0.9595717191696167, "d_loss": 0.009699703194200993, "val_loss": 0.11786643415689468, "val_r_loss": 0.11316481977701187, "val_gan_loss": 3.736614465713501, "val_c_loss": 3.771823386955475e-08, "val_s_loss": 0.9649555087089539, "val_d_loss": 0.008712896145880222}}