{"params": {"feature_shape": [67, 128, 1], "g_compression": 8, "g_kernel_size": 3, "g_conv_depth": 1, "g_input_chans_multiplier": 1, "g_skip_connection": false, "g_pooling_type": "average", "g_gan_reg": 1e-05, "g_c_reg": 0.1, "g_s_reg": 1, "d_mlp_layers": 2, "d_conv_compression": 8, "d_conv_kernel_size": 3, "d_conv_pooling_type": "max"}, "losses": {"loss": 0.8269213438034058, "r_loss": 0.12191412597894669, "gan_loss": 3.993480682373047, "c_loss": 0.007829643785953522, "s_loss": 0.7041844129562378, "d_loss": 0.00021058207494206727, "val_loss": 0.8265248537063599, "val_r_loss": 0.1214003786444664, "val_gan_loss": 4.014811038970947, "val_c_loss": 0.007608063519001007, "val_s_loss": 0.7043235301971436, "val_d_loss": 0.00012380682164803147}}