{"params": {"feature_shape": [67, 128, 1], "g_compression": 8, "g_kernel_size": 3, "g_conv_depth": 3, "g_input_chans_multiplier": 2, "g_skip_connection": true, "g_pooling_type": "average", "g_gan_reg": 0.001, "g_c_reg": 0.001, "g_s_reg": 0.0001, "d_mlp_layers": 2, "d_conv_compression": 8, "d_conv_kernel_size": 3, "d_conv_pooling_type": "max"}, "losses": {"loss": 0.32811078429222107, "r_loss": 0.32403796911239624, "gan_loss": 3.903202772140503, "c_loss": 0.08528397232294083, "s_loss": 0.8434135317802429, "d_loss": 0.04297671094536781, "val_loss": 0.33172479271888733, "val_r_loss": 0.3278772830963135, "val_gan_loss": 3.6753878593444824, "val_c_loss": 0.08772742748260498, "val_s_loss": 0.8442191481590271, "val_d_loss": 0.045167259871959686}}