{"params": {"feature_shape": [67, 128, 1], "g_compression": 8, "g_kernel_size": 3, "g_conv_depth": 3, "g_input_chans_multiplier": 4, "g_skip_connection": true, "g_pooling_type": "average", "g_gan_reg": 0.0001, "g_c_reg": 0.001, "g_s_reg": 0.001, "d_mlp_layers": 2, "d_conv_compression": 8, "d_conv_kernel_size": 3, "d_conv_pooling_type": "max"}, "losses": {"loss": 0.35076963901519775, "r_loss": 0.34955307841300964, "gan_loss": 3.439023494720459, "c_loss": 0.04022696986794472, "s_loss": 0.832571804523468, "d_loss": 0.1911170780658722, "val_loss": 0.35472825169563293, "val_r_loss": 0.3534972369670868, "val_gan_loss": 3.5801994800567627, "val_c_loss": 0.03730219975113869, "val_s_loss": 0.8356716632843018, "val_d_loss": 0.203979030251503}}