{"params": {"feature_shape": [67, 128, 1], "g_compression": 8, "g_kernel_size": 3, "g_conv_depth": 3, "g_input_chans_multiplier": 4, "g_skip_connection": true, "g_pooling_type": "average", "g_gan_reg": 0.0001, "g_c_reg": 0.1, "g_s_reg": 0.0001, "d_mlp_layers": 2, "d_conv_compression": 8, "d_conv_kernel_size": 3, "d_conv_pooling_type": "max"}, "losses": {"loss": 0.3538408875465393, "r_loss": 0.3495640754699707, "gan_loss": 3.7171175479888916, "c_loss": 0.038216765969991684, "s_loss": 0.8321998715400696, "d_loss": 0.10601843148469925, "val_loss": 0.35771113634109497, "val_r_loss": 0.3535197079181671, "val_gan_loss": 3.060539484024048, "val_c_loss": 0.038023948669433594, "val_s_loss": 0.8305022716522217, "val_d_loss": 0.1673542857170105}}