{"params": {"feature_shape": [67, 128, 1], "g_compression": 8, "g_kernel_size": 5, "g_conv_depth": 2, "g_input_chans_multiplier": 4, "g_skip_connection": true, "g_pooling_type": "average", "g_gan_reg": 0.1, "g_c_reg": 0.1, "g_s_reg": 0.001, "d_mlp_layers": 2, "d_conv_compression": 8, "d_conv_kernel_size": 3, "d_conv_pooling_type": "max"}, "losses": {"loss": 0.5514048337936401, "r_loss": 0.3744847774505615, "gan_loss": 1.6706836223602295, "c_loss": 0.08991224318742752, "s_loss": 0.8606235384941101, "d_loss": 0.7853566408157349, "val_loss": 0.5690332055091858, "val_r_loss": 0.3939204812049866, "val_gan_loss": 1.649377465248108, "val_c_loss": 0.09315721690654755, "val_s_loss": 0.8592225313186646, "val_d_loss": 0.8815274238586426}}