{"params": {"feature_shape": [67, 128, 1], "g_compression": 8, "g_kernel_size": 3, "g_conv_depth": 1, "g_input_chans_multiplier": 1, "g_skip_connection": true, "g_pooling_type": "average", "g_gan_reg": 1, "g_c_reg": 1, "g_s_reg": 1e-05, "d_mlp_layers": 2, "d_conv_compression": 8, "d_conv_kernel_size": 3, "d_conv_pooling_type": "max"}, "losses": {"loss": 5.105423927307129, "r_loss": 0.6573774814605713, "gan_loss": 3.9875025749206543, "c_loss": 0.460532009601593, "s_loss": 1.0261601209640503, "d_loss": 0.015886329114437103, "val_loss": 5.588978290557861, "val_r_loss": 0.744331955909729, "val_gan_loss": 4.390985488891602, "val_c_loss": 0.4536517858505249, "val_s_loss": 1.019713044166565, "val_d_loss": 0.030139166861772537}}