{"params": {"feature_shape": [67, 128, 1], "g_compression": 8, "g_kernel_size": 5, "g_conv_depth": 3, "g_input_chans_multiplier": 4, "g_skip_connection": false, "g_pooling_type": "average", "g_gan_reg": 0.01, "g_c_reg": 1e-05, "g_s_reg": 1e-05, "d_mlp_layers": 2, "d_conv_compression": 8, "d_conv_kernel_size": 3, "d_conv_pooling_type": "max"}, "losses": {"loss": 0.20268015563488007, "r_loss": 0.1926722228527069, "gan_loss": 1.0, "c_loss": 6.011090931679064e-07, "s_loss": 0.7970438599586487, "d_loss": 1.0, "val_loss": 0.2017287313938141, "val_r_loss": 0.19172070920467377, "val_gan_loss": 0.9999999403953552, "val_c_loss": 5.058396368440299e-07, "val_s_loss": 0.8008233308792114, "val_d_loss": 0.9999999403953552}}