{"params": {"feature_shape": [67, 128, 1], "g_compression": 8, "g_kernel_size": 5, "g_conv_depth": 3, "g_input_chans_multiplier": 4, "g_skip_connection": true, "g_pooling_type": "average", "g_gan_reg": 0.001, "g_c_reg": 0.1, "g_s_reg": 0.01, "d_mlp_layers": 2, "d_conv_compression": 8, "d_conv_kernel_size": 3, "d_conv_pooling_type": "max"}, "losses": {"loss": 0.3651750385761261, "r_loss": 0.34978818893432617, "gan_loss": 3.279207706451416, "c_loss": 0.03779846429824829, "s_loss": 0.832792341709137, "d_loss": 0.24985378980636597, "val_loss": 0.36945345997810364, "val_r_loss": 0.35393446683883667, "val_gan_loss": 3.5474236011505127, "val_c_loss": 0.03628947585821152, "val_s_loss": 0.834260106086731, "val_d_loss": 0.23281599581241608}}