{"params": {"feature_shape": [67, 128, 1], "g_compression": 8, "g_kernel_size": 3, "g_conv_depth": 3, "g_input_chans_multiplier": 2, "g_skip_connection": false, "g_pooling_type": "max", "g_gan_reg": 1, "g_c_reg": 1e-05, "g_s_reg": 0.001, "d_mlp_layers": 2, "d_conv_compression": 8, "d_conv_kernel_size": 3, "d_conv_pooling_type": "max"}, "losses": {"loss": 1.1934691667556763, "r_loss": 0.1926695704460144, "gan_loss": 1.0, "c_loss": 1.4275182365963701e-05, "s_loss": 0.7993506193161011, "d_loss": 1.0, "val_loss": 1.192463755607605, "val_r_loss": 0.19166603684425354, "val_gan_loss": 1.0, "val_c_loss": 1.3167526049073786e-05, "val_s_loss": 0.7977460622787476, "val_d_loss": 1.0}}