{"params": {"feature_shape": [67, 128, 1], "g_compression": 8, "g_kernel_size": 5, "g_conv_depth": 1, "g_input_chans_multiplier": 4, "g_skip_connection": false, "g_pooling_type": "max", "g_gan_reg": 1e-05, "g_c_reg": 0.01, "g_s_reg": 0.001, "d_mlp_layers": 2, "d_conv_compression": 8, "d_conv_kernel_size": 3, "d_conv_pooling_type": "max"}, "losses": {"loss": 0.10185222327709198, "r_loss": 0.10074088722467422, "gan_loss": 3.709146022796631, "c_loss": 0.027248689904808998, "s_loss": 0.801788866519928, "d_loss": 0.0839942991733551, "val_loss": 0.1128048449754715, "val_r_loss": 0.11170118302106857, "val_gan_loss": 3.9450294971466064, "val_c_loss": 0.02617674320936203, "val_s_loss": 0.8024339079856873, "val_d_loss": 0.07847104966640472}}