{"params": {"feature_shape": [67, 128, 1], "g_compression": 8, "g_kernel_size": 5, "g_conv_depth": 2, "g_input_chans_multiplier": 2, "g_skip_connection": true, "g_pooling_type": "average", "g_gan_reg": 0.0001, "g_c_reg": 0.01, "g_s_reg": 1e-05, "d_mlp_layers": 2, "d_conv_compression": 8, "d_conv_kernel_size": 3, "d_conv_pooling_type": "max"}, "losses": {"loss": 0.324988454580307, "r_loss": 0.3237658143043518, "gan_loss": 3.9963881969451904, "c_loss": 0.08147304505109787, "s_loss": 0.8437191247940063, "d_loss": 0.0017303982749581337, "val_loss": 0.32875823974609375, "val_r_loss": 0.3275517225265503, "val_gan_loss": 3.983459711074829, "val_c_loss": 0.07997742295265198, "val_s_loss": 0.8484590649604797, "val_d_loss": 0.0019036573357880116}}