{"params": {"feature_shape": [67, 128, 1], "g_compression": 8, "g_kernel_size": 5, "g_conv_depth": 1, "g_input_chans_multiplier": 1, "g_skip_connection": true, "g_pooling_type": "average", "g_gan_reg": 1e-05, "g_c_reg": 0.01, "g_s_reg": 0.0001, "d_mlp_layers": 2, "d_conv_compression": 8, "d_conv_kernel_size": 3, "d_conv_pooling_type": "max"}, "losses": {"loss": 0.2913982570171356, "r_loss": 0.28953656554222107, "gan_loss": 3.9982378482818604, "c_loss": 0.17375467717647552, "s_loss": 0.8397812843322754, "d_loss": 0.00029407997499220073, "val_loss": 0.2946607172489166, "val_r_loss": 0.29287347197532654, "val_gan_loss": 4.013669013977051, "val_c_loss": 0.1663479059934616, "val_s_loss": 0.8363168239593506, "val_d_loss": 0.00023476283240597695}}