{"params": {"feature_shape": [67, 128, 1], "g_compression": 8, "g_kernel_size": 5, "g_conv_depth": 3, "g_input_chans_multiplier": 1, "g_skip_connection": false, "g_pooling_type": "max", "g_gan_reg": 0.1, "g_c_reg": 1e-05, "g_s_reg": 1, "d_mlp_layers": 2, "d_conv_compression": 8, "d_conv_kernel_size": 3, "d_conv_pooling_type": "max"}, "losses": {"loss": 1.0905179977416992, "r_loss": 0.1935577094554901, "gan_loss": 1.0, "c_loss": 0.01552675012499094, "s_loss": 0.7969598770141602, "d_loss": 1.0, "val_loss": 1.0863579511642456, "val_r_loss": 0.1926848292350769, "val_gan_loss": 1.0, "val_c_loss": 0.012868539430201054, "val_s_loss": 0.7936728000640869, "val_d_loss": 1.0}}