{"params": {"feature_shape": [67, 128, 1], "g_compression": 8, "g_kernel_size": 3, "g_conv_depth": 1, "g_input_chans_multiplier": 2, "g_skip_connection": true, "g_pooling_type": "average", "g_gan_reg": 0.01, "g_c_reg": 0.001, "g_s_reg": 1, "d_mlp_layers": 2, "d_conv_compression": 8, "d_conv_kernel_size": 3, "d_conv_pooling_type": "max"}, "losses": {"loss": 1.203709602355957, "r_loss": 0.3242824673652649, "gan_loss": 3.999330997467041, "c_loss": 0.0882590040564537, "s_loss": 0.8393459320068359, "d_loss": 0.0006296292995102704, "val_loss": 1.2076483964920044, "val_r_loss": 0.3288760483264923, "val_gan_loss": 4.025895595550537, "val_c_loss": 0.08770133554935455, "val_s_loss": 0.8384257555007935, "val_d_loss": 0.0006512047839350998}}