{"params": {"feature_shape": [67, 128, 1], "g_compression": 8, "g_kernel_size": 3, "g_conv_depth": 2, "g_input_chans_multiplier": 4, "g_skip_connection": true, "g_pooling_type": "average", "g_gan_reg": 1, "g_c_reg": 0.001, "g_s_reg": 1e-05, "d_mlp_layers": 2, "d_conv_compression": 8, "d_conv_kernel_size": 3, "d_conv_pooling_type": "max"}, "losses": {"loss": 1.4380937814712524, "r_loss": 0.40305471420288086, "gan_loss": 1.034670352935791, "c_loss": 0.3573331832885742, "s_loss": 1.123013973236084, "d_loss": 1.0168429613113403, "val_loss": 1.3903658390045166, "val_r_loss": 0.3715442717075348, "val_gan_loss": 1.0183285474777222, "val_c_loss": 0.48123663663864136, "val_s_loss": 1.1676206588745117, "val_d_loss": 0.9868098497390747}}