{"params": {"feature_shape": [67, 128, 1], "g_compression": 8, "g_kernel_size": 3, "g_conv_depth": 1, "g_input_chans_multiplier": 4, "g_skip_connection": true, "g_pooling_type": "average", "g_gan_reg": 0.0001, "g_c_reg": 1e-05, "g_s_reg": 0.001, "d_mlp_layers": 2, "d_conv_compression": 8, "d_conv_kernel_size": 3, "d_conv_pooling_type": "max"}, "losses": {"loss": 0.35083848237991333, "r_loss": 0.34958550333976746, "gan_loss": 3.9910590648651123, "c_loss": 0.14920556545257568, "s_loss": 0.8523032069206238, "d_loss": 0.003998456988483667, "val_loss": 0.3547777831554413, "val_r_loss": 0.35352852940559387, "val_gan_loss": 3.897779703140259, "val_c_loss": 0.1471598744392395, "val_s_loss": 0.8579915761947632, "val_d_loss": 0.0035015435423702}}