{"params": {"feature_shape": [67, 128, 1], "g_compression": 8, "g_kernel_size": 5, "g_conv_depth": 1, "g_input_chans_multiplier": 1, "g_skip_connection": false, "g_pooling_type": "max", "g_gan_reg": 0.1, "g_c_reg": 1e-05, "g_s_reg": 0.01, "d_mlp_layers": 2, "d_conv_compression": 8, "d_conv_kernel_size": 3, "d_conv_pooling_type": "max"}, "losses": {"loss": 0.3015500009059906, "r_loss": 0.1935577392578125, "gan_loss": 1.0000427961349487, "c_loss": 1.2544794082641602, "s_loss": 0.7975459098815918, "d_loss": 0.9998709559440613, "val_loss": 0.30065107345581055, "val_r_loss": 0.1926848292350769, "val_gan_loss": 1.0, "val_c_loss": 1.194866418838501, "val_s_loss": 0.7954354286193848, "val_d_loss": 0.9949712157249451}}