{"params": {"feature_shape": [67, 128, 1], "g_compression": 8, "g_kernel_size": 5, "g_conv_depth": 1, "g_input_chans_multiplier": 4, "g_skip_connection": true, "g_pooling_type": "average", "g_gan_reg": 0.01, "g_c_reg": 0.1, "g_s_reg": 0.0001, "d_mlp_layers": 2, "d_conv_compression": 8, "d_conv_kernel_size": 3, "d_conv_pooling_type": "max"}, "losses": {"loss": 0.4080439507961273, "r_loss": 0.3661653697490692, "gan_loss": 3.5296785831451416, "c_loss": 0.06497567892074585, "s_loss": 0.8426318764686584, "d_loss": 0.15832555294036865, "val_loss": 0.3999295234680176, "val_r_loss": 0.36481571197509766, "val_gan_loss": 2.8922362327575684, "val_c_loss": 0.06107008457183838, "val_s_loss": 0.8443973660469055, "val_d_loss": 0.17133641242980957}}