{"params": {"feature_shape": [67, 128, 1], "g_compression": 8, "g_kernel_size": 5, "g_conv_depth": 3, "g_input_chans_multiplier": 4, "g_skip_connection": false, "g_pooling_type": "average", "g_gan_reg": 0.1, "g_c_reg": 0.0001, "g_s_reg": 0.001, "d_mlp_layers": 2, "d_conv_compression": 8, "d_conv_kernel_size": 3, "d_conv_pooling_type": "max"}, "losses": {"loss": 0.293457955121994, "r_loss": 0.19265930354595184, "gan_loss": 1.0, "c_loss": 1.1950648115544027e-07, "s_loss": 0.7987075448036194, "d_loss": 1.0, "val_loss": 0.2924950122833252, "val_r_loss": 0.191694974899292, "val_gan_loss": 0.9999999403953552, "val_c_loss": 1.1295620083728863e-07, "val_s_loss": 0.8000302314758301, "val_d_loss": 0.9999999403953552}}