{"params": {"feature_shape": [67, 128, 1], "g_compression": 8, "g_kernel_size": 5, "g_conv_depth": 1, "g_input_chans_multiplier": 2, "g_skip_connection": false, "g_pooling_type": "average", "g_gan_reg": 0.1, "g_c_reg": 1e-05, "g_s_reg": 1e-05, "d_mlp_layers": 2, "d_conv_compression": 8, "d_conv_kernel_size": 3, "d_conv_pooling_type": "max"}, "losses": {"loss": 0.2926720678806305, "r_loss": 0.19266217947006226, "gan_loss": 1.0, "c_loss": 0.0014657453866675496, "s_loss": 0.979063093662262, "d_loss": 1.0, "val_loss": 0.2916674315929413, "val_r_loss": 0.19165867567062378, "val_gan_loss": 1.0, "val_c_loss": 0.0004976237541995943, "val_s_loss": 0.8768678903579712, "val_d_loss": 1.0}}