{"params": {"feature_shape": [67, 128, 1], "g_compression": 8, "g_kernel_size": 5, "g_conv_depth": 2, "g_input_chans_multiplier": 2, "g_skip_connection": false, "g_pooling_type": "max", "g_gan_reg": 0.1, "g_c_reg": 1e-05, "g_s_reg": 1e-05, "d_mlp_layers": 2, "d_conv_compression": 8, "d_conv_kernel_size": 3, "d_conv_pooling_type": "max"}, "losses": {"loss": 0.20945782959461212, "r_loss": 0.10944467782974243, "gan_loss": 1.0, "c_loss": 0.4569261968135834, "s_loss": 0.8530458211898804, "d_loss": 1.0, "val_loss": 0.2132079303264618, "val_r_loss": 0.1131950318813324, "val_gan_loss": 1.0, "val_c_loss": 0.4273182451725006, "val_s_loss": 0.860085666179657, "val_d_loss": 1.0}}