{"params": {"feature_shape": [67, 128, 1], "g_compression": 8, "g_kernel_size": 3, "g_conv_depth": 2, "g_input_chans_multiplier": 4, "g_skip_connection": true, "g_pooling_type": "average", "g_gan_reg": 1, "g_c_reg": 0.0001, "g_s_reg": 0.01, "d_mlp_layers": 2, "d_conv_compression": 8, "d_conv_kernel_size": 3, "d_conv_pooling_type": "max"}, "losses": {"loss": 1.9876846075057983, "r_loss": 0.45615100860595703, "gan_loss": 1.5214557647705078, "c_loss": 0.18242469429969788, "s_loss": 1.0060980319976807, "d_loss": 0.8432313799858093, "val_loss": 2.5621790885925293, "val_r_loss": 0.39436429738998413, "val_gan_loss": 2.159071207046509, "val_c_loss": 0.06290367990732193, "val_s_loss": 0.8737432956695557, "val_d_loss": 0.5672144889831543}}