{"params": {"feature_shape": [67, 128, 1], "g_compression": 8, "g_kernel_size": 3, "g_conv_depth": 3, "g_input_chans_multiplier": 1, "g_skip_connection": false, "g_pooling_type": "average", "g_gan_reg": 1e-05, "g_c_reg": 1, "g_s_reg": 0.0001, "d_mlp_layers": 2, "d_conv_compression": 8, "d_conv_kernel_size": 3, "d_conv_pooling_type": "max"}, "losses": {"loss": 0.19275926053524017, "r_loss": 0.19266943633556366, "gan_loss": 1.0000202655792236, "c_loss": 7.11034064959648e-10, "s_loss": 0.7985822558403015, "d_loss": 0.9999751448631287, "val_loss": 0.19175615906715393, "val_r_loss": 0.19166682660579681, "val_gan_loss": 1.0, "val_c_loss": 1.4749900856259046e-08, "val_s_loss": 0.7930295467376709, "val_d_loss": 1.0}}