{"params": {"feature_shape": [67, 128, 1], "g_compression": 8, "g_kernel_size": 5, "g_conv_depth": 3, "g_input_chans_multiplier": 4, "g_skip_connection": false, "g_pooling_type": "average", "g_gan_reg": 0.0001, "g_c_reg": 0.0001, "g_s_reg": 0.0001, "d_mlp_layers": 2, "d_conv_compression": 8, "d_conv_kernel_size": 3, "d_conv_pooling_type": "max"}, "losses": {"loss": 0.18805071711540222, "r_loss": 0.18715009093284607, "gan_loss": 8.208413124084473, "c_loss": 1.022010809315077e-10, "s_loss": 0.7975634932518005, "d_loss": 12.118497848510742, "val_loss": 0.1874505579471588, "val_r_loss": 0.18726575374603271, "val_gan_loss": 1.0481394529342651, "val_c_loss": 2.5380011980935535e-10, "val_s_loss": 0.7998663187026978, "val_d_loss": 0.9556893706321716}}