{"params": {"feature_shape": [67, 128, 1], "g_compression": 8, "g_kernel_size": 3, "g_conv_depth": 3, "g_input_chans_multiplier": 1, "g_skip_connection": false, "g_pooling_type": "max", "g_gan_reg": 0.001, "g_c_reg": 1, "g_s_reg": 0.0001, "d_mlp_layers": 2, "d_conv_compression": 8, "d_conv_kernel_size": 3, "d_conv_pooling_type": "max"}, "losses": {"loss": 0.193741112947464, "r_loss": 0.19266147911548615, "gan_loss": 1.0000005960464478, "c_loss": 1.0951932936931197e-11, "s_loss": 0.7961029410362244, "d_loss": 1.0, "val_loss": 0.19272424280643463, "val_r_loss": 0.19164447486400604, "val_gan_loss": 1.0, "val_c_loss": 0.0, "val_s_loss": 0.7980490326881409, "val_d_loss": 1.0}}