{"params": {"feature_shape": [67, 128, 1], "g_compression": 8, "g_kernel_size": 3, "g_conv_depth": 2, "g_input_chans_multiplier": 2, "g_skip_connection": true, "g_pooling_type": "average", "g_gan_reg": 0.01, "g_c_reg": 1e-05, "g_s_reg": 1e-05, "d_mlp_layers": 2, "d_conv_compression": 8, "d_conv_kernel_size": 3, "d_conv_pooling_type": "max"}, "losses": {"loss": 0.3692895174026489, "r_loss": 0.33202722668647766, "gan_loss": 3.7253026962280273, "c_loss": 0.08438730984926224, "s_loss": 0.8444884419441223, "d_loss": 0.0663367435336113, "val_loss": 0.37813419103622437, "val_r_loss": 0.3362726867198944, "val_gan_loss": 4.185216426849365, "val_c_loss": 0.08881832659244537, "val_s_loss": 0.8457841277122498, "val_d_loss": 0.06721324473619461}}