{"params": {"feature_shape": [67, 128, 1], "g_compression": 8, "g_kernel_size": 3, "g_conv_depth": 2, "g_input_chans_multiplier": 2, "g_skip_connection": true, "g_pooling_type": "average", "g_gan_reg": 0.01, "g_c_reg": 1e-05, "g_s_reg": 0.0001, "d_mlp_layers": 2, "d_conv_compression": 8, "d_conv_kernel_size": 3, "d_conv_pooling_type": "max"}, "losses": {"loss": 0.3677486181259155, "r_loss": 0.32937321066856384, "gan_loss": 3.8290297985076904, "c_loss": 0.08844862133264542, "s_loss": 0.8444559574127197, "d_loss": 0.06319022178649902, "val_loss": 0.37467893958091736, "val_r_loss": 0.3342016935348511, "val_gan_loss": 4.039173603057861, "val_c_loss": 0.10055475682020187, "val_s_loss": 0.845146656036377, "val_d_loss": 0.03245218098163605}}