{"params": {"feature_shape": [67, 128, 1], "g_compression": 8, "g_kernel_size": 3, "g_conv_depth": 1, "g_input_chans_multiplier": 1, "g_skip_connection": false, "g_pooling_type": "average", "g_gan_reg": 0.1, "g_c_reg": 0.0001, "g_s_reg": 0.1, "d_mlp_layers": 2, "d_conv_compression": 8, "d_conv_kernel_size": 3, "d_conv_pooling_type": "max"}, "losses": {"loss": 0.37354177236557007, "r_loss": 0.1935577690601349, "gan_loss": 1.000022530555725, "c_loss": 2.581787586212158, "s_loss": 0.7972363829612732, "d_loss": 1.0002264976501465, "val_loss": 0.3721986711025238, "val_r_loss": 0.19268476963043213, "val_gan_loss": 0.9993394613265991, "val_c_loss": 2.347830057144165, "val_s_loss": 0.7934521436691284, "val_d_loss": 1.0001438856124878}}