{"params": {"feature_shape": [67, 128, 1], "g_compression": 8, "g_kernel_size": 5, "g_conv_depth": 2, "g_input_chans_multiplier": 2, "g_skip_connection": true, "g_pooling_type": "average", "g_gan_reg": 0.01, "g_c_reg": 1, "g_s_reg": 0.01, "d_mlp_layers": 2, "d_conv_compression": 8, "d_conv_kernel_size": 3, "d_conv_pooling_type": "max"}, "losses": {"loss": 0.4601800739765167, "r_loss": 0.3334304094314575, "gan_loss": 3.8045713901519775, "c_loss": 0.08023536205291748, "s_loss": 0.8468771576881409, "d_loss": 0.0905131846666336, "val_loss": 0.46699753403663635, "val_r_loss": 0.3425019383430481, "val_gan_loss": 3.6906588077545166, "val_c_loss": 0.07915408909320831, "val_s_loss": 0.8434850573539734, "val_d_loss": 0.13382485508918762}}