{"params": {"feature_shape": [67, 128, 1], "g_compression": 8, "g_kernel_size": 3, "g_conv_depth": 1, "g_input_chans_multiplier": 1, "g_skip_connection": false, "g_pooling_type": "average", "g_gan_reg": 0.1, "g_c_reg": 0.01, "g_s_reg": 0.01, "d_mlp_layers": 2, "d_conv_compression": 8, "d_conv_kernel_size": 3, "d_conv_pooling_type": "max"}, "losses": {"loss": 0.3018297553062439, "r_loss": 0.19355766475200653, "gan_loss": 1.000788927078247, "c_loss": 0.0175327118486166, "s_loss": 0.8017843961715698, "d_loss": 0.9994613528251648, "val_loss": 0.3008991777896881, "val_r_loss": 0.19268478453159332, "val_gan_loss": 1.0008161067962646, "val_c_loss": 0.012352590449154377, "val_s_loss": 0.8009301424026489, "val_d_loss": 0.9985670447349548}}