{"params": {"feature_shape": [67, 128, 1], "g_compression": 8, "g_kernel_size": 5, "g_conv_depth": 1, "g_input_chans_multiplier": 1, "g_skip_connection": false, "g_pooling_type": "average", "g_gan_reg": 1, "g_c_reg": 1e-05, "g_s_reg": 0.0001, "d_mlp_layers": 2, "d_conv_compression": 8, "d_conv_kernel_size": 3, "d_conv_pooling_type": "max"}, "losses": {"loss": 1.1937003135681152, "r_loss": 0.19355835020542145, "gan_loss": 1.000040888786316, "c_loss": 1.188056468963623, "s_loss": 0.8937169909477234, "d_loss": 0.9999520182609558, "val_loss": 1.1927862167358398, "val_r_loss": 0.1926848292350769, "val_gan_loss": 0.9999998211860657, "val_c_loss": 1.2584707736968994, "val_s_loss": 0.8911750316619873, "val_d_loss": 1.000002384185791}}