{"params": {"feature_shape": [67, 128, 1], "g_compression": 8, "g_kernel_size": 3, "g_conv_depth": 2, "g_input_chans_multiplier": 4, "g_skip_connection": false, "g_pooling_type": "max", "g_gan_reg": 1, "g_c_reg": 1e-05, "g_s_reg": 0.01, "d_mlp_layers": 2, "d_conv_compression": 8, "d_conv_kernel_size": 3, "d_conv_pooling_type": "max"}, "losses": {"loss": 1.2015374898910522, "r_loss": 0.1935577541589737, "gan_loss": 1.0, "c_loss": 0.00019686471205204725, "s_loss": 0.797989010810852, "d_loss": 1.0, "val_loss": 1.2006542682647705, "val_r_loss": 0.1926848292350769, "val_gan_loss": 0.9999999403953552, "val_c_loss": 0.00016682107525411993, "val_s_loss": 0.7969657182693481, "val_d_loss": 0.9999999403953552}}