{"params": {"feature_shape": [67, 128, 1], "g_compression": 8, "g_kernel_size": 5, "g_conv_depth": 2, "g_input_chans_multiplier": 4, "g_skip_connection": true, "g_pooling_type": "average", "g_gan_reg": 0.001, "g_c_reg": 1, "g_s_reg": 0.0001, "d_mlp_layers": 2, "d_conv_compression": 8, "d_conv_kernel_size": 3, "d_conv_pooling_type": "max"}, "losses": {"loss": 0.39043089747428894, "r_loss": 0.3498094975948334, "gan_loss": 3.5657997131347656, "c_loss": 0.036972515285015106, "s_loss": 0.8312405943870544, "d_loss": 0.14559216797351837, "val_loss": 0.3969857096672058, "val_r_loss": 0.3537496030330658, "val_gan_loss": 3.8534460067749023, "val_c_loss": 0.03929935768246651, "val_s_loss": 0.8322197198867798, "val_d_loss": 0.15555402636528015}}