{"params": {"feature_shape": [67, 128, 1], "g_compression": 8, "g_kernel_size": 3, "g_conv_depth": 3, "g_input_chans_multiplier": 4, "g_skip_connection": false, "g_pooling_type": "average", "g_gan_reg": 1, "g_c_reg": 0.0001, "g_s_reg": 0.01, "d_mlp_layers": 2, "d_conv_compression": 8, "d_conv_kernel_size": 3, "d_conv_pooling_type": "max"}, "losses": {"loss": 1.2006553411483765, "r_loss": 0.19266681373119354, "gan_loss": 1.0, "c_loss": 9.89898580883164e-07, "s_loss": 0.7988306879997253, "d_loss": 1.0, "val_loss": 1.199622631072998, "val_r_loss": 0.19166237115859985, "val_gan_loss": 1.0, "val_c_loss": 8.253117016465694e-07, "val_s_loss": 0.796021580696106, "val_d_loss": 1.0}}