{"params": {"feature_shape": [67, 128, 1], "g_compression": 8, "g_kernel_size": 5, "g_conv_depth": 2, "g_input_chans_multiplier": 1, "g_skip_connection": true, "g_pooling_type": "average", "g_gan_reg": 0.0001, "g_c_reg": 0.1, "g_s_reg": 0.01, "d_mlp_layers": 2, "d_conv_compression": 8, "d_conv_kernel_size": 3, "d_conv_pooling_type": "max"}, "losses": {"loss": 0.31461504101753235, "r_loss": 0.289563924074173, "gan_loss": 3.99538254737854, "c_loss": 0.16465193033218384, "s_loss": 0.8186349868774414, "d_loss": 0.00023480360687244684, "val_loss": 0.3182167708873749, "val_r_loss": 0.29290544986724854, "val_gan_loss": 3.9625086784362793, "val_c_loss": 0.16649729013442993, "val_s_loss": 0.8265303373336792, "val_d_loss": 0.00022421233006753027}}