{"params": {"feature_shape": [67, 128, 1], "g_compression": 8, "g_kernel_size": 3, "g_conv_depth": 3, "g_input_chans_multiplier": 4, "g_skip_connection": true, "g_pooling_type": "average", "g_gan_reg": 1, "g_c_reg": 1, "g_s_reg": 0.1, "d_mlp_layers": 2, "d_conv_compression": 8, "d_conv_kernel_size": 3, "d_conv_pooling_type": "max"}, "losses": {"loss": 2.9554498195648193, "r_loss": 0.6286664009094238, "gan_loss": 2.024094581604004, "c_loss": 0.21149949729442596, "s_loss": 0.9119020700454712, "d_loss": 0.7261486053466797, "val_loss": 1.8437085151672363, "val_r_loss": 0.5061246156692505, "val_gan_loss": 1.0014983415603638, "val_c_loss": 0.24437226355075836, "val_s_loss": 0.9171313643455505, "val_d_loss": 1.0499060153961182}}