{"params": {"feature_shape": [67, 128, 1], "g_compression": 8, "g_kernel_size": 3, "g_conv_depth": 3, "g_input_chans_multiplier": 2, "g_skip_connection": false, "g_pooling_type": "average", "g_gan_reg": 1, "g_c_reg": 1e-05, "g_s_reg": 0.01, "d_mlp_layers": 2, "d_conv_compression": 8, "d_conv_kernel_size": 3, "d_conv_pooling_type": "max"}, "losses": {"loss": 1.2015529870986938, "r_loss": 0.19355778396129608, "gan_loss": 1.0, "c_loss": 7.468460535164922e-05, "s_loss": 0.799515962600708, "d_loss": 1.0, "val_loss": 1.2006269693374634, "val_r_loss": 0.1926848292350769, "val_gan_loss": 1.0, "val_c_loss": 6.320144166238606e-05, "val_s_loss": 0.7941956520080566, "val_d_loss": 1.0}}