{"params": {"feature_shape": [67, 128, 1], "g_compression": 8, "g_kernel_size": 5, "g_conv_depth": 2, "g_input_chans_multiplier": 1, "g_skip_connection": false, "g_pooling_type": "max", "g_gan_reg": 1, "g_c_reg": 1e-05, "g_s_reg": 0.001, "d_mlp_layers": 2, "d_conv_compression": 8, "d_conv_kernel_size": 3, "d_conv_pooling_type": "max"}, "losses": {"loss": 1.1943622827529907, "r_loss": 0.19355763494968414, "gan_loss": 1.0000048875808716, "c_loss": 0.20373983681201935, "s_loss": 0.7978330850601196, "d_loss": 0.9999990463256836, "val_loss": 1.1934791803359985, "val_r_loss": 0.1926848292350769, "val_gan_loss": 1.0000011920928955, "val_c_loss": 0.1960289478302002, "val_s_loss": 0.7911859750747681, "val_d_loss": 1.0}}