{"params": {"feature_shape": [67, 128, 1], "g_compression": 8, "g_kernel_size": 3, "g_conv_depth": 2, "g_input_chans_multiplier": 4, "g_skip_connection": false, "g_pooling_type": "average", "g_gan_reg": 0.0001, "g_c_reg": 0.01, "g_s_reg": 0.1, "d_mlp_layers": 2, "d_conv_compression": 8, "d_conv_kernel_size": 3, "d_conv_pooling_type": "max"}, "losses": {"loss": 0.1997547447681427, "r_loss": 0.11984454840421677, "gan_loss": 3.585972547531128, "c_loss": 0.0, "s_loss": 0.7955164313316345, "d_loss": 0.11891626566648483, "val_loss": 0.20410794019699097, "val_r_loss": 0.12397732585668564, "val_gan_loss": 3.7946295738220215, "val_c_loss": 0.0, "val_s_loss": 0.7975112795829773, "val_d_loss": 0.11789020895957947}}