{"params": {"feature_shape": [67, 128, 1], "g_compression": 8, "g_kernel_size": 5, "g_conv_depth": 2, "g_input_chans_multiplier": 4, "g_skip_connection": true, "g_pooling_type": "average", "g_gan_reg": 0.01, "g_c_reg": 1, "g_s_reg": 1, "d_mlp_layers": 2, "d_conv_compression": 8, "d_conv_kernel_size": 3, "d_conv_pooling_type": "max"}, "losses": {"loss": 1.2487975358963013, "r_loss": 0.352772057056427, "gan_loss": 2.894152879714966, "c_loss": 0.03712997958064079, "s_loss": 0.8299546241760254, "d_loss": 0.3717796802520752, "val_loss": 1.2610539197921753, "val_r_loss": 0.35647496581077576, "val_gan_loss": 2.962076187133789, "val_c_loss": 0.039720699191093445, "val_s_loss": 0.8352373838424683, "val_d_loss": 0.3628353178501129}}