{"params": {"feature_shape": [67, 128, 1], "g_compression": 8, "g_kernel_size": 5, "g_conv_depth": 1, "g_input_chans_multiplier": 2, "g_skip_connection": false, "g_pooling_type": "average", "g_gan_reg": 1e-05, "g_c_reg": 0.0001, "g_s_reg": 0.1, "d_mlp_layers": 2, "d_conv_compression": 8, "d_conv_kernel_size": 3, "d_conv_pooling_type": "max"}, "losses": {"loss": 0.15394309163093567, "r_loss": 0.07773163169622421, "gan_loss": 3.9995386600494385, "c_loss": 0.577206015586853, "s_loss": 0.7611379027366638, "d_loss": 1.7206799384439364e-05, "val_loss": 0.15585379302501678, "val_r_loss": 0.07930829375982285, "val_gan_loss": 3.995751142501831, "val_c_loss": 0.5882695913314819, "val_s_loss": 0.764467179775238, "val_d_loss": 7.383841875707731e-06}}