{"params": {"feature_shape": [67, 128, 1], "g_compression": 8, "g_kernel_size": 3, "g_conv_depth": 2, "g_input_chans_multiplier": 2, "g_skip_connection": false, "g_pooling_type": "average", "g_gan_reg": 0.001, "g_c_reg": 0.0001, "g_s_reg": 1e-05, "d_mlp_layers": 2, "d_conv_compression": 8, "d_conv_kernel_size": 3, "d_conv_pooling_type": "max"}, "losses": {"loss": 0.09127645194530487, "r_loss": 0.08862458914518356, "gan_loss": 2.592698812484741, "c_loss": 0.33037441968917847, "s_loss": 2.6204476356506348, "d_loss": 0.505500853061676, "val_loss": 0.09350628405809402, "val_r_loss": 0.09114767611026764, "val_gan_loss": 2.2934749126434326, "val_c_loss": 0.37987133860588074, "val_s_loss": 2.7148516178131104, "val_d_loss": 0.5919516682624817}}