{"params": {"feature_shape": [67, 128, 1], "g_compression": 8, "g_kernel_size": 3, "g_conv_depth": 3, "g_input_chans_multiplier": 2, "g_skip_connection": true, "g_pooling_type": "average", "g_gan_reg": 1, "g_c_reg": 0.1, "g_s_reg": 0.001, "d_mlp_layers": 2, "d_conv_compression": 8, "d_conv_kernel_size": 3, "d_conv_pooling_type": "max"}, "losses": {"loss": 2.453247308731079, "r_loss": 0.5487106442451477, "gan_loss": 1.872143030166626, "c_loss": 0.31399887800216675, "s_loss": 0.9941677451133728, "d_loss": 0.7723907232284546, "val_loss": 2.186755895614624, "val_r_loss": 0.45857784152030945, "val_gan_loss": 1.6896345615386963, "val_c_loss": 0.3752257227897644, "val_s_loss": 1.0208455324172974, "val_d_loss": 0.7050226330757141}}